team,adjustPoints,autoOwnershipPoints,autoPoints,autoQuestRankingPoint,autoRunPoints,autoScaleOwnershipSec,autoSwitchAtZero,autoSwitchOwnershipSec,endgamePoints,faceTheBossRankingPoint,foulCount,foulPoints,rp,techFoulCount,teleopOwnershipPoints,teleopPoints,teleopScaleBoostSec,teleopScaleForceSec,teleopScaleOwnershipSec,teleopSwitchBoostSec,teleopSwitchForceSec,teleopSwitchOwnershipSec,totalPoints,vaultBoostPlayed,vaultBoostTotal,vaultForcePlayed,vaultForceTotal,vaultLevitatePlayed,vaultLevitateTotal,vaultPoints,ownPoints
frc1080,0.0,2.8424032708379308,7.521554820873099,0.159765263175178,4.679151550035167,0.03173673563971431,0.22467443224103753,1.3894648997792518,18.0364860158337,0.016342708821632704,0.2337386454573143,6.875562692657372,0.750871568085576,0.18096873067117653,69.31685251951896,94.7980256449174,1.6022868686991494,-0.2465649549181712,23.26042421265843,2.4924794935639025,-0.5567690729176207,41.96166194459749,109.16837763951341,0.6823923257577167,0.6452647823568202,0.0562223622142944,0.048293163140035185,0.7540659672719335,0.795379476416094,7.44468710956475,99.96288043444355
frc1086,0.0,13.047179510364034,18.42941909937335,0.4347776767602576,5.382239589009313,0.5423543951871933,0.524035939794836,5.981235359994826,11.185855868025808,-0.03078731237977388,1.1385895375899315,4.628560414034228,0.6376010968895871,0.3845003313683844,70.80389342887963,91.34053112331709,0.6466329989134898,1.6705098448559865,17.848455274626897,2.4171258451316127,0.7294875208415953,49.891679310207664,114.3508841567972,0.5599591002267779,0.5212145413345837,0.4129589422154679,0.44868035577856435,0.7990780362060349,0.9002614681691824,9.350781826411657,102.84605214767775
frc1111,0.0,1.7189081169563123,6.994427499746585,0.15899231008960132,5.275519382790274,-0.1292885341618139,0.16057250405574214,0.9887425926399707,15.241655099585252,0.019625334878048552,0.01349610375618951,16.112105934454572,0.5352710802085544,0.14084533280709116,44.69165231005915,66.8309924319161,0.9981898265087977,0.11204625050129799,18.243827840273504,1.1099268284354158,0.6763848551791073,24.339707814841464,89.91608155894517,0.34358245773494656,0.44478134436540123,0.07263374279493556,0.22133475057618768,0.6273557159770353,0.7134209095127443,6.897685022271668,72.49587931795816
frc1123,0.0,0.7563225518721008,4.639836019574321,0.02289910092739263,3.8835134677022203,-0.26707388344438215,0.14384434599575704,0.6452351593804345,8.022249024655812,-0.0011897665073645498,0.5544520987278471,5.52853798296877,0.007677118786822818,0.05311778221615502,34.53753423637818,46.58135296710592,0.44247403887064485,0.6255968592143736,4.852344031556657,-0.5621591238265987,0.6370018341702312,29.804875289777403,56.718385158855526,0.03969359604036524,0.23917673213768095,0.1604300755156755,0.28772078547508084,0.2522307049588554,0.2774164236016304,4.021569706071963,49.048430839757806
frc1137,0.0,0.39518815132774715,4.42738974057326,0.0908732876016131,4.032201589245513,-0.06281409961002299,0.05203314964630238,0.2604081752738965,5.1005640692275,-0.02480744299577112,1.1554024769227342,1.3392564624344336,0.0020666370617833467,0.08296150901620264,40.43524990238736,51.49800212718374,-0.6043589494616849,1.015053609225121,-1.3703914715513967,1.6662784418900507,1.1752182543468912,40.7437218815104,57.25917399217436,0.177137252370323,0.37497224519892414,0.2686141867848656,0.254615712571523,0.4484160352719018,0.5628496733433245,5.962188155568863,51.70705651782594
frc116,0.0,1.8272678961147089,5.496698138963473,0.07316518495314932,3.669430242848759,0.2755527592435155,0.058840501041008714,0.6380811888138382,14.381943176403539,-0.006870571975266266,0.6930796306463007,4.541877854427647,0.3027963488290671,0.7087672711394912,48.403691834775486,77.06232120731663,1.7231122035567275,2.4239207541236905,19.662982886125675,0.02280051429887153,1.7234217197372506,26.994796230794233,87.04774531813847,0.8159889581421877,0.9183394222316215,0.6849345121121914,0.9333839331829658,1.058070743146212,1.003613883812951,14.276686196137687,74.04772313151663
frc122,0.0,1.2212027235996288,5.505972731405923,0.17374730353723655,4.284770007806288,0.20575282446694818,0.09745007059523302,0.40484853733286646,11.50229931775789,-0.027237622280508078,0.2316436184945259,8.983328198638354,0.7076601901760915,0.0875062614812347,77.72948300271658,100.61902184252892,2.5973184551981445,0.4734726325974472,42.703059355118484,1.9591190524934998,1.2821580488970767,30.46998613990644,115.1267691878272,0.7397206222304803,0.8528859342227111,0.3569294250928947,0.4133133309118508,0.9146913743126986,1.0112486392763385,11.387239522054502,104.66095378037417
frc1262,0.0,8.62061842897181,13.838561507280529,0.3956319876912288,5.217943078308722,0.5932878899516845,0.48598136872655034,3.7170213245342207,34.325913778543345,0.24201037040197812,0.0987623011832448,4.305897233504879,1.3671351910502645,0.040324066304560445,91.31674979217675,138.6446699385657,1.5799981368318297,1.693901452488521,42.3512563774738,1.3945780757825,1.3688745471555208,45.99091720208866,156.8033732225133,0.7293335719297374,0.7709961177959477,0.4512467413160273,0.6254192010074897,1.2389428875422694,1.20398595476567,13.002006367845535,151.83827248871762
frc1389,0.0,5.838971541546695,8.597316407937456,0.03949998003204224,2.7583448663907637,-0.019819690640507363,0.30958246730892747,2.9393054614138534,7.744300324994121,0.025168039001931968,0.008874787409887541,21.910842921639574,0.26193707187901344,0.07466331579077692,33.93757636886581,44.4337852426056,0.10140494425699326,-1.1976036194180057,-1.4054354984065343,1.2039332211200053,0.9585457828299917,34.03767370189533,74.94989343737993,0.35689948460947757,0.26096938972492123,-0.15962026032704618,-0.09358152894589716,0.26378247745968053,0.3829938489701122,2.7519085487456802,52.34045631139356
frc141,0.0,0.1628509846370458,1.0528985334859944,-0.10236216107194768,0.8900475488489512,0.920823044909264,-0.09745373563102731,-0.8393975525907399,3.8645741575047903,-0.04220897720897534,0.13613427484519175,6.903170944559048,0.11630184815618926,0.16199525800092723,51.299972398595855,59.997891827482476,1.0468260674213612,1.789138484739036,25.981091807577428,2.832982985109761,0.7114332311246101,21.4390715384873,67.96380626049802,0.5774203680369957,0.4220008315310133,0.4179047949181777,0.3370532863772506,0.16094361811870805,0.20761493636809697,4.833345271381801,59.194275169395056
frc1413,0.0,1.2334136935694537,6.110836706072952,0.14566163212591995,4.8774230125035,-0.2289381528091235,0.10608388147850853,0.8456449995938504,17.718755679260827,-0.002191722903318977,0.4887394115553712,2.9426260402210174,0.46227799800009356,-0.08174880405902915,63.66625043717165,100.1622402063803,3.1431986394760143,3.8419612286746094,17.7598245610193,3.176114677015217,2.336766523336092,39.58711255966113,109.18237001591685,1.0522236926359458,1.1294851102144736,1.0829479715958221,1.1542196440176953,1.5696026507459058,1.4717420637573961,18.77723408994783,105.50926497756099
frc1418,0.0,10.34010724616602,14.440171702781033,0.15565638269955404,4.100064456615009,1.5342391250734082,0.3156657996205635,3.635814498009603,26.203148041023535,0.14108429035390835,-0.26310972037499286,5.387692308244173,0.86121895398663,0.25419090187712734,92.22682474460785,125.32446003232417,0.7576886875717469,0.30610128739686604,42.0663805497462,-0.032956494765463806,0.8824125321935569,49.43571200205536,145.13130840279814,0.3970754026887759,0.36322849526634593,0.19940039456145314,0.19385690861427637,0.7039287862365124,0.8218120454579404,6.894487246692817,138.2452271387848
frc1446,0.0,1.9254589997782798,6.38992797507173,0.14204971376434902,4.464468975293458,0.06610335418873042,0.11034394326935502,0.896626145700412,7.583888602525695,-0.031052014627709727,0.7480514437593272,-0.1802532066679895,0.3596294839841463,0.5485123490047104,43.4102563072903,51.640687887421876,-1.297076497732757,-0.21475032945099543,6.359826445792419,0.5605284455775656,-0.8126082902966123,37.78697791365299,57.85592963439808,-0.11306826855799039,-0.07946785569983658,-0.176153644853704,-0.10971232922875618,0.2517283233943614,0.3184887804497769,0.6465429776059197,50.85541736874571
frc1522,0.0,1.6993709467224656,5.799119093900391,0.05704928683147519,4.099748147177929,-0.016224388762811213,0.10794863219081825,0.865909862124044,18.38858404352518,0.10876211990533996,0.05119924063848693,1.8963522842226503,0.6785930258862527,0.17988800763011492,64.13551642072157,88.34825644539973,0.9328891615747898,-0.11003353636417473,22.528110098713555,2.1478812800865468,1.3210848298569564,38.52663588034664,95.99647400180943,0.41489118907813227,0.3916068723290685,0.09468665304422202,0.11503218768235646,0.7329257089193932,0.6581921362191814,5.824155981153026,92.3275319270004
frc1598,0.0,0.8135723290821111,2.482044381333381,-0.026743290651414016,1.6684720522512662,0.041672078201373336,0.11029625364501387,0.365114086339683,4.2721057804388805,-0.05980603666946941,0.028397953093793442,12.170607956075134,-0.20153792448414537,-0.023898426404397596,15.01775316034167,21.45963627892465,-1.4479177633838585,0.12755841190081846,-10.602818126151952,1.4904248314863022,0.8762525227005432,25.57806421839117,36.128312099497094,-0.0016882092759865448,-0.09469444628949686,0.08783342792581249,0.1676900108810177,0.3417563832714342,0.360959903037295,2.169777338144077,24.087596121780177
frc1599,0.0,6.699296137289209,11.564956875848155,0.3141578584996265,4.865660738558942,1.414032082005768,0.34246603479798465,1.9356159866388374,25.268533873377564,0.1520282543499423,0.505570050478363,7.008702445130572,1.1268145812012127,0.09429335949410027,77.88406440839006,112.1715691491309,1.568050722747859,1.0144899822834093,31.35257711782397,1.0127568224632146,-0.11417767046832258,43.95067974535501,130.6761394029346,0.5904330589557988,0.5903859689119803,0.16672366324842428,0.2398406998756735,0.9331181402887395,0.9735675046850085,9.01897086736331,121.30208657092214
frc1610,0.0,4.586187755874665,10.094400348188817,0.252915064378582,5.508212592314151,0.2846368041689387,0.22089717657802155,2.0084570737683958,13.898593501439612,-0.019651885536722508,0.5430173051819611,10.216086848659826,0.6725833236484101,0.18472682679462785,72.64945465765537,94.2263317866127,1.4265796384360054,-0.002895425569538019,31.660794031623144,1.9178957957253349,-1.1101496731118892,37.64418519187088,114.55242624307036,0.4143444074197728,0.5017985302606451,-0.07531921816121649,0.14896631803271201,0.7453607759698541,0.8848918772101834,7.678283627517703,101.04474603771303
frc1629,0.0,13.908474461198786,19.36728342057046,0.4449066341601589,5.458808959371666,1.741546718636273,0.5015758582640862,5.212690511963122,28.083204058993342,0.017319386879962893,0.19404173319927842,7.686839667006993,1.4222004404208926,0.3524756516425018,120.82447318360816,166.549765655369,4.657036611463023,2.0229910278400123,57.77038659805279,3.213097057486445,0.4265585203820433,55.18395291660585,193.61121368843015,1.1255752804670474,1.2957874036027126,0.4115715693026056,1.0141667980312368,1.18060245894274,1.2184634809195651,17.642088412767578,182.16996795704276
frc1719,0.0,-1.6913944052118925,2.2634927205767745,0.06289334937400815,3.9548871257886646,-0.6408655394507037,0.0062960276481015594,-0.20483166315524334,3.579831148208332,-0.033068014743924304,0.5451093380543707,11.919976605888987,-0.053343689537478235,0.3078773752653705,16.97629984949892,24.470554460473366,-0.22058638775073486,1.5714450531023005,-5.6072005065020365,-0.7065125110185619,1.7222530087633046,23.51059925477025,38.620488770472285,-0.07332192494806823,-0.08383269537062951,0.3951660304181582,0.48887087335153945,0.14202079464620965,0.3778465145723078,3.9144234627660874,22.29428777303175
frc1727,0.0,2.467645108831158,6.816907169228403,0.08831915457702366,4.349262060397244,0.3658094657955308,0.07967314642402254,0.8680130886200476,20.031984885191257,0.011895376225158785,0.19884808182480854,9.25440876522624,0.24922350757948988,0.2441142846054535,39.606477042455474,72.47092640280447,1.2304348196333288,2.7819466817823866,4.724897907025084,1.3341985831481666,0.6979555587638308,32.31694573264892,88.52178372050327,0.6009252924574728,0.5798821348601513,0.7519867901012685,0.895276267087629,1.2334053676319794,1.0913344930837743,12.832464475157776,76.47380214835343
frc1731,0.0,14.745819827797833,19.334528000901074,0.26829876375275974,4.588708173103245,5.125436865483957,0.3233568242239632,2.247473048414958,21.15113725995375,0.10460979595316414,0.26320445531116343,19.083138231884927,1.2578178875517099,0.1652242919101271,92.63702773558512,130.8833801285518,0.09611270433539211,3.9456859587883057,49.562519617030624,3.5959038046424143,1.4610199728462012,39.382491609576746,169.3079118199654,0.5209090336759162,0.9583085821537061,0.9611727342877342,1.2664951025080085,1.2726844578476704,1.1942393419408628,17.095215133012886,147.94814159495584
frc1793,0.0,1.556207284351127,5.430993558149862,-0.02772675893574093,3.8747862737987355,-0.1272025888068991,0.09118069549113954,0.9053062309824619,14.018668061549175,0.006118806311192081,1.633623193849875,13.003558706603243,0.041172884220283736,0.13959854575474076,38.588095745039354,57.95960526545114,0.025709633841677484,0.18326590340589985,5.368919484936535,-0.023747827360528894,0.40503188340764645,33.217214453621686,76.36172356798552,-0.00860747874741356,0.18098394587862207,0.045994845788048966,0.03351525223046879,0.8223011100704464,0.8560690936634312,5.352841458862611,57.20090836804002
frc1885,0.0,2.9285301600485214,7.683076111263922,0.22328233744379924,4.754545951215397,0.47065277436780395,0.1596907689536255,0.9936123056564573,21.504220552723815,0.09278927488868653,0.24005894661732077,7.622822087910673,1.002981720645855,0.3396657072195951,85.82033518068447,119.60682799029772,2.5689340817614736,0.7626320858203153,39.59386655920098,1.5730796820875959,-0.024973456124121177,42.08445485763444,134.9259695229876,0.7320335392061186,1.037017262267529,0.20488662469469476,0.6058481645186304,0.7770928087669294,0.8135890245917264,12.282272256889428,123.52597923024857
frc1895,0.0,2.2047016849574597,6.297752009880809,0.08123031499051564,4.093050324923355,0.18556391699176283,0.12752971376882874,0.9167869254869673,19.79734232090322,-0.01973402773942707,0.09948864348855359,8.852148488604083,0.36751400206200074,0.33534724374768277,66.49982094192232,91.69958828570422,0.6215466831536037,-0.6371721135417753,26.69441231975068,0.33400027407279964,0.7251481293261105,38.84986166494523,106.85600996506457,0.04942289181558365,0.04347355181801139,-0.06040658973166302,-0.034542516546471703,1.2034936941057124,1.0715539693041944,5.402425022878672,94.68727035226564
frc1908,0.0,-1.3068525845544348,3.3858225120411847,0.027496559946213875,4.692675096595619,-0.04398642117872472,-0.04781582822023167,-0.6094398710984938,4.82942243730909,-0.047787771993438095,0.8277603902445098,12.820293070708871,-0.01663458988758315,0.035844903809441636,29.759998299991743,37.91434707380693,-0.19920438418810021,0.27683487550159236,-2.1531639711477357,1.294672609038732,-0.200425870945945,30.81769404628884,54.09232332072538,0.12756878998907295,0.1284505429635628,0.0739022386957381,0.11070032498759859,0.4362718192305795,0.425834399350058,3.3249263365060955,38.46614494499798
frc1915,0.0,2.286841187045594,6.183366427761784,0.20268719802741525,3.896525240716187,-0.04972324185709658,0.2412160784520776,1.193143835379895,6.113801504569296,-0.008091949069600219,0.033437068113323705,2.7388045541624373,0.5478055107218057,0.6260695230832947,37.470308620809284,44.48201710354449,-0.8918195490160145,-0.8286615796698363,20.178420054729262,-0.7142611141608941,1.0221026431356495,18.897969229256933,53.40411975104956,-0.288234802513952,-0.3194437763208975,-0.010351814313378763,-0.014582378293223806,0.32247620253772274,0.5136075502473076,0.8979069781659268,44.93037828479756
frc2028,0.0,2.811235893154672,6.478172468471275,0.07217748098070723,3.666936575316604,0.27820410960223574,0.1464196990217354,1.1274138369751006,17.672579536711318,0.052926662884326556,0.28220199672236496,1.1771987926659955,0.3818408411641005,0.07091652082271836,48.996404737051094,79.64525174254698,0.16265146217247695,2.945159950991349,16.841575906310815,2.4988424796032227,2.413493008273202,29.493334888964544,87.31028440431807,0.5411915322284981,0.7225841532839471,0.8252045213831357,0.8528520439851562,1.0139596710454317,1.0198172964878172,12.976267468784604,84.64823093408049
frc2068,0.0,2.221865417809642,5.515972984111954,-0.011673931130984354,3.294107566302309,-0.06633107702670352,0.1179425323612709,1.1772637859315254,5.94201622247591,0.01172252061113118,0.9684101922878384,8.304435944523908,-0.056856374043898164,0.04746383326457535,34.04993972426186,41.08458185175729,-0.11643468681273851,-0.2729169690016039,4.250312675257859,0.38156971067845946,0.5471342608209373,29.53449202513825,54.91747912126418,-0.05929649777922172,-0.16030369186453544,-0.0022213136363953205,0.04504075195469571,0.16471403602037682,0.3337881209137471,1.092625905019535,43.28063810049555
frc2106,0.0,2.94168597480041,7.5790534170329495,0.2117746207307723,4.637367442232546,-0.3980475268709166,0.23286426462220502,1.8688905142711203,17.976394671854347,0.06489050392457152,0.6856944764452535,3.808664574497446,0.7910969101972593,0.04536638352801343,73.43516670555739,96.22709436692071,0.6632103094216784,0.3696755288349589,32.510750579700954,1.2433641104738635,-0.07056891765716929,39.01784170596091,107.64018594251854,0.35464123350815446,0.3732582720372189,0.04779708654827863,0.01591469353025668,0.5006309219386208,0.5739336323343224,4.815532989508986,101.36614048693315
frc2186,0.0,-1.7920000832719625,1.3097544379343407,-0.13172729710358788,3.101754521206302,-0.6690261747090329,-0.045159906816581386,-0.2269738669269485,9.058514428119445,0.01223087198619445,0.7771388226648521,-0.5764358362972891,0.3280692677086444,0.589987018767316,59.538991310989346,75.33512191656406,1.171431745747164,0.809232664582043,16.418938494094146,1.3551491267435825,0.5983128416790944,40.593471944404456,76.07251139399852,0.5641817284332012,0.5364574647530648,0.25211555171426486,0.37554603298707434,0.6372973622271956,0.4355197377509201,6.7376161774552905,69.00764759339538
frc2199,0.0,7.945760570491406,13.364153676057892,0.4778603700799795,5.418393105566486,0.4101928984982418,0.4791504422488706,3.5626873867474598,15.99587834889079,0.03527463570076938,0.6538684193228383,4.6176218995309775,0.9106440707670418,-0.14226693970999293,84.79449224437788,112.80105743199451,0.5848207359572019,1.7405653367318688,29.05514590523885,2.0952271442570987,2.022470936971957,53.05929845892482,130.78684673873656,0.5500430110673652,0.7230487160231741,0.5975236831759427,0.6307580419745586,1.0096444589953564,1.048330609747423,12.010686838725782,125.48802203862697
frc225,0.0,16.89823093547186,22.463683525107164,0.4050339105771709,5.565452589635304,4.2728430581978945,0.3088120415188638,4.1762724095380355,28.00527072978917,-0.018571707148530812,0.11589322066947509,12.006593048189787,1.6790619069663988,0.052395976360615215,136.03203376610296,179.05224010528585,5.322639293144656,0.6016908363598422,75.9342211319769,2.1256271657549037,0.3038018309064709,52.649546175226526,213.53226333788623,1.0334237822654744,1.2550919503262792,0.08683117866603568,0.66527055036742,0.7235675644955781,1.082624621185035,15.014935609393666,200.7064268404424
frc2363,0.0,10.458235434172739,15.532191756771343,0.3198498907820053,5.073956322598607,2.0490175911017903,0.3582155814010859,3.1801001259845787,13.4585644088409,-0.00793575021378932,0.43759795739331986,13.808759452089943,0.9635870102254613,0.043461597838440474,90.38301715740918,113.51356806302014,1.9076533514059526,0.045525999514867625,41.412486124013206,3.1957216478290116,1.2721897703305962,43.867156034161,142.83314357440753,0.7375185940396319,0.7555554508133887,0.2458821005868586,0.2968010992564889,0.986505131329587,0.8820407492841331,9.671986496770044,127.32043586959163
frc2377,0.0,5.288743796257192,10.136443701187225,0.28557498418953936,4.847699904930029,0.301469137202511,0.30599555776500126,2.3429027609260857,27.296566812342764,0.07703643469464734,0.4667532045689693,9.245459019376831,0.7797840988981128,0.27050238754471734,77.41128793422786,115.36709827533625,1.2697402310290902,0.30685327733718204,33.304377330830285,3.1908689634335534,0.5040061404042059,39.646301408934946,134.75227330503196,0.6632071792635466,0.7058040013275683,0.1043311805374149,0.3919375005722724,1.0361035250457686,1.034107203853292,10.659243528765666,121.67203318404572
frc2421,0.0,0.5533178231631791,5.120863641769199,0.05142509929897366,4.5675458186060185,-0.2118354481674707,-0.000648958519993061,0.48849435974905947,20.568823549882378,0.04311619235124227,1.0023939701109155,10.024367662188833,0.5299467802101121,-0.09837326431825827,78.48859424322131,105.74543911759893,1.3723684833865566,0.5056387207778177,29.1214968699113,-0.0714933326663621,-1.087249345185394,48.06622222258984,120.89102832818848,0.1691999124393548,0.1759148031495345,0.11629547964824173,0.2343217803027301,0.851264637734828,0.9273676814467808,6.6880213244952245,108.74483813453122
frc2534,0.0,4.466547156413551,9.265423489769725,0.3543330760441862,4.798876333356178,0.46309158687090124,0.4019098869763294,1.7701819913358732,21.86483678275469,0.05745683355437513,0.15490089003714286,1.7795129502379992,0.6957274693067572,0.10061050772969826,72.17683852774537,103.21468130870574,1.3691320319306772,0.3502668272839852,17.9791945495772,0.9052279518574934,1.4378311444474257,51.92328399438002,114.2757166739581,0.5503327299673297,0.6480375802397018,0.2814023735124636,0.30543914487424023,0.9264168231731083,0.8811244745271931,9.173005998205682,111.12600648404133
frc2537,0.0,11.367979792621346,16.224243622146236,0.26570666134696785,4.8562638295248854,2.5366164149955814,0.3101427874006148,3.147373481315093,17.00168910753475,-0.01938563330486917,0.030262371698403828,1.7818727847035558,0.806844256175571,0.1513150489069433,90.31484134033707,116.45422441224125,1.0609663626173673,1.839861680497211,42.1785029213917,1.8605998744529129,1.9372004396654003,45.21477218187508,134.4681473661628,0.36573226552347193,0.5517651288826521,0.5364730347152875,0.5824819305130792,0.7420108943216331,0.6932917334781433,9.137693964369367,131.23365202620155
frc2819,0.0,1.8939398224685724,6.221249881509346,0.17958078753334403,4.327310059040775,0.433904198681804,0.15812916882041084,0.5130657125524821,2.3755147191212123,-0.014710121354329853,0.11696213619331268,-1.1438790983815015,0.5096325899477616,0.15666168721111007,32.663686479353025,38.967129209103035,0.751602530190516,0.32827951370384717,12.056338079406661,-0.5580777725840091,2.0842433398134497,20.41382364233986,44.051680080697174,0.1807393441205582,0.14661450159349074,0.2587037814337902,0.09439435652325703,0.26034058826500406,0.5445767440090048,3.927928010628767,43.434717585598726
frc2849,0.0,2.847306936473041,7.591413330410636,0.2565140878170735,4.744106393937596,-0.8527424046213882,0.30415199519316555,2.2763958728579086,13.050984182513822,-0.016609134126104316,0.4213560645134709,10.632471399460764,0.5319486637011042,0.19043770299702664,59.069957454553965,82.26403318661573,1.3467072011133039,1.159689817530889,9.143126743880464,1.8028239040866967,0.7348152565831596,46.7772996054735,100.49568172641713,0.6007134965935756,0.6176121673028483,0.26754437218382165,0.35469621763733605,0.9891644279392425,1.0563099249694035,10.143091549547936,86.88520280644275
frc2890,0.0,4.8128964509220395,9.932826682136612,0.35031502957866245,5.119930231214573,0.2773919782331795,0.39766476913607185,2.129056247227841,18.050802851110568,0.035814029484277886,-0.047524587156755047,0.6413357669106126,0.7864169772424011,0.06032471671672969,70.33485111389342,95.83265790142319,0.23725874687541215,1.1841092542828875,25.338624387534132,2.6498177578463498,0.36325807662382853,42.10915022163757,106.38660897735676,0.3554346477282787,0.2785921376835856,0.27932491702475193,0.323204876790226,0.8086902415144666,0.8876037728100167,7.447003936419139,105.34492452146583
frc2900,0.0,0.5473196477974656,3.9361209494659115,0.02485452058073711,3.3888013016684444,0.23218843103131778,-0.009446546022918062,0.04147139286741553,15.380360776706539,0.059269465110603166,0.1987097375422826,5.411905409025354,0.21976832989345602,-0.0718424723846751,11.131447804360821,35.39696897782887,-0.03577535855733582,1.024914629799797,4.418261678640737,0.7025683353469563,1.102090650909954,6.046393148930439,44.75335244435243,0.3576397531418797,0.5165942105452905,0.28793359645042493,0.40526619874026215,0.8252113025141495,0.8551716700667535,8.885160396761535,39.391900074162294
frc2912,0.0,-2.8688194142345154,1.2081356466531208,-0.11816046932179584,4.076955060887635,-0.3843816288000466,-0.08106074431371042,-1.0500280783172111,11.631675078416013,0.02131381028423714,0.2008383552466843,0.3343174693720992,-0.08572460877497261,0.37125799038601104,30.444146775823864,45.50081118002427,-0.62224116322434,0.3169110195082908,12.942781252933383,-0.9889399037390542,-1.2693320095102543,19.11254658985388,47.04937737411757,-0.1957789916844508,-0.08967389044900484,-0.018242614769245786,-0.1155495352405539,0.6902230379361003,0.890221290846434,3.424989325784377,42.77122292553135
frc2914,0.0,1.8502627998899501,5.725798049093258,-0.004252845245518928,3.8755352492033066,0.3362965309232717,0.09693320163206405,0.5888348690217042,6.447596559540455,-0.03074260139380699,0.05526550769887215,4.959970098694149,0.2334951650912192,0.031977044458625044,46.81800771964151,59.94664030187916,0.18979430307922218,1.4601994742728128,11.366154725895164,0.7409245444974264,0.034203163648398274,34.52113414616967,70.6419393023969,0.19540376413814714,0.24850938281507814,0.2757382440595275,0.22641274936214692,0.7158921206631845,0.8612850723622119,6.681036022697181,65.22837928047853
frc2961,0.0,-0.04253719130500483,2.5004488599032495,-0.10933462331379278,2.5429860512082554,-0.32783971042018295,0.012682924095958071,0.3065711147676809,7.953015867054872,-0.01769575098721399,0.4392697762699312,3.505894129254253,0.3087780523813229,0.5777350361704101,56.30703445028035,68.20218653000903,0.6755873146979505,0.5679380926063891,27.392737442947006,-0.15067897694650811,-0.38082936151133717,28.38938866958192,74.21604617175237,0.018237859487234352,0.0611499961852603,0.18761694881590968,0.08916607950259645,0.628448441941927,0.6381111668469055,3.9421362126738124,64.19272738815464
frc2964,0.0,3.168672496194798,7.097797568316829,0.196334589070387,3.9291250721220328,-0.29508689363306456,0.2269139635036898,1.879423141730464,9.937121455443945,-0.01965473573158528,0.5254844913891258,-0.9978487201435414,0.2663869131741443,-0.27491746022974545,42.93468916235003,59.13312873496688,0.016375008695362462,1.9079912996662474,21.072873509721678,0.46644103300556444,0.327954509596803,21.37899961092744,65.23886207679772,0.18698734475273768,0.11325216338253567,0.3955106121730595,0.3268892027544305,0.2862524373732774,0.8121222572976102,6.261318117172884,67.13451446484159
frc2988,0.0,0.18214225744958334,3.70453982131375,0.03642508532079889,3.5223975638641707,-0.24416953694552904,0.07745284257240449,0.33524066567032074,1.168003706437228,-0.02599813988821924,0.24710764639938676,3.2205517190774016,0.04427006072302375,0.06258859198528247,33.34367920424911,35.44923397987071,-1.160881726805837,-1.0525159774494264,-0.16627122765234364,1.3029915711081455,-0.5892288841605857,33.36784058759914,42.38426873633207,0.04139393397698157,0.12598364670351703,-0.2775380437876614,-0.26321192348785244,-0.2012385189040458,0.32473849062121546,0.937551069184401,37.859096750188925
frc2998,0.0,0.36056302723414835,2.8387857850444185,0.006703953532040515,2.47822275781027,-0.21601543240431592,0.09432418227422398,0.39629694602139,-3.200885997118265,-0.03425815309805331,0.012697603833901068,10.28706080759866,0.25138876848755676,0.24876987014510427,46.24512589879931,39.872161575946464,0.19257292642255444,-0.7282491732246549,7.547927585821554,0.6398996163506222,-1.0683332462996686,37.86472577020458,53.0154882197963,0.02450743641197915,-0.04653336184523169,-0.24268747375495736,-0.3303495019737146,-0.40417806400549305,-0.25753280132797346,-3.1720783257345975,40.45140576939001
frc3072,0.0,-0.08536463609334695,5.341030086807624,0.38292954456811334,5.426394722900976,0.17637937948038168,0.48389727662524834,-0.21906169752705648,24.500150118934812,0.05727600136938693,0.8877791714676967,-1.7368034424730543,1.3088579532744464,0.08350173860321793,88.79254546124776,123.4999480437807,0.28615879913999925,0.6252164208877893,38.76300941933676,1.9360809101878875,1.3176379981620259,47.807296332583064,127.1145334183642,0.4668383511274595,0.5517855804674132,0.22626275473966956,0.29754985015091967,0.9437323013261402,1.1921150621013141,10.207252463598238,125.43648369900524
frc3136,0.0,2.1903683420450784,5.796610898905742,0.12298407515446884,3.6062425568606677,-0.14403724510713903,0.12627760621795256,1.23922141612968,21.140921914930598,0.06942296107788197,0.37286976926019305,4.38598409479884,0.20210549243578643,0.1658546775246238,48.970362208637724,73.49095367794708,-0.41647886070983675,0.2943164638750098,12.657606439125276,1.4921948770778768,0.3281383876869868,35.237039753144394,83.65788530573455,0.05488384048115807,0.03822262539532899,0.09825856951769603,0.09702490297402468,0.4702177293917995,0.5406863825063984,3.3796695543787623,76.6605998054335
frc316,0.0,-1.1768416642334008,2.9191974936367107,0.13462204866747932,4.096039157870112,-0.09697878083408884,0.03011980553769276,-0.4914420512826122,8.103854647337393,-0.047583855207133714,-0.13655369593722053,9.766433530425019,1.1474974453011009,0.44922866418222457,112.23220372953105,129.06569074702745,1.9551198618826344,0.10058897123996453,58.502523146487995,2.354579803998918,-1.4321945679005557,49.41998091716151,141.75897784993714,0.4230388047782814,0.7147433819990251,-0.19658535422239043,0.11543570140583104,0.7381072196668783,0.9157473906269339,8.729632370158955,128.35914742968376
frc3258,0.0,0.3839557167685717,4.394644817898193,0.07188034971135067,4.010689101129618,-0.17489792010321903,0.07440296644059848,0.3668757784875041,18.1268423999288,-0.004534077688698542,0.6926813383384587,-0.1945745986515833,0.6693696256094059,0.34729668059405516,93.9248066960592,118.36635773969877,1.2527888872453692,-0.8388000482436598,50.20047523659923,1.5383782551414784,-0.633914560272023,40.933164317073114,122.58529605750603,0.5706152435035459,0.5268420327955443,-0.25936064175885687,-0.16041475746759004,0.754808182692315,0.8965144534141957,6.314708643710741,117.57615651579572
frc3274,0.0,1.6043411000011225,5.247752136027118,0.14374596016897512,3.643411036025995,-0.24959939820081056,0.18060791933384407,1.0517699482013738,11.662195874416398,0.07006592009258213,0.23249923727394978,9.655692100789473,0.6490084972103896,-0.11686074527945667,67.19931772675916,85.1539545638426,1.368509417340067,-0.35940602682247863,31.686508432989495,0.9721739896505186,1.0731496849802575,33.17212588677916,100.07049613040284,0.3472519432914531,0.44087000981796887,0.10117905572452963,0.13056106592823685,0.602151595696974,0.6870571167871928,6.2924409626669915,90.7690530253066
frc3359,0.0,0.2779065955970302,4.5737000808532065,0.10707788253654389,4.295793485256179,-0.23394818000108827,0.1267617175766202,0.37290147779960253,8.387151943716603,-0.04092067295342309,-0.22023239048920445,14.09824525209972,0.2671282031937097,0.14601350272245348,24.962803125027392,39.1148384698147,1.204177770237848,1.6001321128622146,3.2129871697546863,0.49328227584039375,0.9529762789815104,20.052355909194464,57.80299121562918,0.154487426678,0.2267643799139849,0.4612362408218819,0.442206630056672,0.4800305654448433,0.48400567024348506,5.764883401070709,43.05132161049501
frc3361,0.0,-0.06077687595441237,3.869242824954142,0.15184536798123816,3.9300197009085616,-0.2736021053059299,0.07028619354400445,0.24321366732872554,1.5587846393143232,-0.03064348521643834,1.3096224127649747,6.848566624932721,0.3798535371219773,-0.015776866358476825,33.91917765525716,38.288580146731945,-0.3835446000876755,-1.2035994187294015,2.265454078401149,0.30117497249255865,0.4592413390538379,31.73609320445111,48.97457086717617,1.0074213718774649e-5,0.27576847683832684,-0.12924740293607606,-0.15322613858707815,0.08490733166904023,0.4395812321808516,2.810617852160498,38.33912880117482
frc3373,0.0,3.011126450736609,6.542914601336293,0.10142088347571536,3.531788150599679,0.3342244751074368,0.19699567357013711,1.1713387502608676,5.9029771451333515,-0.017728194368451466,0.5241954246987792,4.712795840472498,0.26820828734408775,0.05326638754684835,48.360926146430586,59.76164627819766,-0.7267357616998108,0.6950862342598915,4.81349958047925,1.2253954288905662,1.7628002669738938,43.048766898760555,71.03339464782651,0.3681799899891254,0.24201864727903177,0.43309707137336667,0.46635033698621975,0.4518532522908908,0.39117961306149596,5.497742986633739,64.26861504533598
frc3389,0.0,1.4501411902610322,6.118544433998456,0.05675442132903278,4.668403243737421,-0.12367954932571114,0.09977192673004553,0.8487501444562274,19.79042871345525,-0.014251196505591309,0.3688814822503575,4.244931109718751,0.4948505505281326,0.112810634665338,76.25410644790881,105.40989564457311,1.426228400443254,1.6921819376821132,37.94864772889951,0.7969867214590243,1.2910327861811552,36.082243597107045,115.78547256286681,0.334450552649534,0.4545329629913211,0.4497258417540345,0.43051529917866765,0.9768525210036887,0.988023834471811,9.365360483208995,109.41860129440894
frc339,0.0,5.150171686710055,10.01260254224408,0.29405869710745036,4.862430855534022,0.4021220061574371,0.32563510916431465,2.172963837197591,21.001594793681953,0.007719536542062607,0.5133041378992759,6.357518233692465,0.7332374512026597,0.09936235079132973,62.0956082440605,91.6048415708054,0.22325987924206778,1.065742496145243,11.676820087996324,2.0631369271383235,1.0387778018674805,48.13239134968376,107.92221171120048,0.47458114950008196,0.5406653118517223,0.294684550553433,0.357875264230557,0.8679130635995127,0.8029871305303196,8.507638533062995,99.13051990668815
frc3455,0.0,8.047650344640463,13.579104724784521,0.4441620261914115,5.531454380144062,-0.2961459407523255,0.3924230083884688,4.3199711130725555,11.6263304097475,-0.04839993088368812,0.27975271372485966,7.500139574065966,0.6697660545386096,0.430088054012154,69.3831337813628,92.56386456798019,1.2140607314585459,0.3964923683972681,21.627191022331626,0.9514486433569893,0.8257106305071775,45.590433384215636,113.64997547262873,0.46488638919285025,0.8242774463752477,0.2715989012261498,0.6488622537987939,0.8000420914650418,0.8377403751999373,11.554400376869888,101.43978527127877
frc346,0.0,8.525317542641588,13.797674622849962,0.3785025828320558,5.272357080208368,1.029886666745891,0.4606639214333487,3.2327721045749063,28.533007180382153,0.19710134854728711,0.4425224646207279,11.162210969833227,1.1491715016712272,0.2158595722614282,64.8773202948698,101.5718270530212,-0.30781527487343163,1.1900540580313492,28.839880400313234,1.739101535122146,0.176481876886748,34.60615363430787,126.51816281183535,0.2262859439281359,0.3005364007286792,0.25986977562349234,0.29740374317815776,1.0696110362011448,1.0343597716470043,8.161499577769206,112.08564829778706
frc3650,0.0,-1.9604528225912614,1.9200868559724276,-0.10312338627087998,3.880539678563686,-0.20105390351125188,-0.08690809964634605,-0.7791725077843786,19.16857372873734,0.02306358355209176,0.3745918877019738,5.007626790833562,-0.0753244664199821,0.6391291680187136,28.145865721030784,59.60120929987252,0.16259653195943477,2.681534715241415,12.537974512376564,1.9290264368436345,3.0476913008930153,13.516268239851145,66.52918764913655,0.3648463277956513,0.3819763024426229,0.9105971806072577,1.0071399165136703,1.099855534728637,1.0682377510645888,12.286769850104411,54.6456226830286
frc3714,0.0,0.7017287621942172,4.304052692486956,0.09852462006192711,3.602323930292739,-0.0704901764596222,0.07209907964446925,0.42135455755673223,-4.088576316273702,-0.0217242967713113,0.3672884980333804,-1.7635916781064078,-0.18401255965842264,0.40468673741567535,13.233032785906337,8.290006203837502,0.0308622681115531,-0.8454255164063923,-6.723654749066704,-1.23139900917197,0.1686749870499976,21.157224276033492,10.796123069154461,-0.10138921501594146,0.04039008204256983,-0.06021240146534013,-0.18973670746317536,-0.1434693241345924,-0.021543427738425134,-0.8544502657951573,7.8156686164196065
frc3748,0.0,-1.480647463695753,2.4439159576265217,-0.14219679271337082,3.9245634213222815,-0.4462055516843252,-0.04933855339944199,-0.2941181801635513,9.262983105265544,-0.016174980052491572,0.4878830165868637,14.070369545631094,-0.11187017303885073,0.4660091264733917,30.2358849629111,43.471933872919315,0.17934200302826964,1.1796208491402251,4.624424041921431,1.5610041967179835,0.50953214549387,23.871114721243398,59.991107323747904,0.20197989567273542,0.044486539812725004,0.2599325822201233,0.22582036633221275,0.4377249740341705,0.5243062548036022,3.973065804742698,40.2630065900957
frc3793,0.0,2.918811666843432,7.489799419222257,0.13218159105943864,4.570987752378823,-0.40682389416081755,0.18916947307140525,1.8662297275825346,10.771569783426603,-0.023408061059617843,0.2956762816221569,9.604499817735745,0.11492824504155788,0.0030596322992341987,54.559538969575,76.19529443982185,1.2699335243426644,1.830777328143075,4.09870430953656,2.4908043676928493,0.13867190194386447,46.700096768002915,93.27153907218015,0.7027346706687279,0.6558107070047969,0.46562467513582173,0.7606777298729327,0.6922574513246245,0.7563487004863223,10.864185686820257,82.75247371888484
frc384,0.0,1.9945032528908195,6.437204906113611,0.09460014491332859,4.442701653222793,0.7027170199728802,0.09589754257907088,0.29453460647252727,23.90257680484086,0.033151775212144595,0.27576593234289504,4.2825394209776,0.8937549250675187,0.29406669031597105,100.55832213752237,136.48837946303237,2.648372518612588,1.3327400467854384,50.46386826739436,2.1239480222308686,1.1258006739886384,45.322133329284505,147.22273635423414,0.6835918404018462,0.8202139425703017,0.41510856831379583,0.5662927528640843,1.05433068712233,1.018989408699453,12.027480520669194,139.46629892338402
frc3939,0.0,1.7908054496941899,4.528512619177967,-0.01912970574507002,2.737707169483778,-0.1499095463668211,0.15464360751354214,1.0453122712139165,9.732124574316693,0.03823259486382306,-0.038300834636262174,-0.86815509763174,-0.04804695655305926,0.07233350120455867,59.77019896834618,71.10052479415616,-0.7840486068045817,0.26167124792881463,13.179946129363588,0.6486065296785795,-1.1138702698447038,46.72569491610855,74.7331596649737,-0.12201404845278059,-0.13757132921253717,-0.049153584359959625,-0.03447755786711847,0.454256025891576,0.4916891373783157,1.5982012514933042,75.06521575567325
frc3941,0.0,-0.6879565996673558,4.218613152533896,0.07360807307572548,4.906569752201244,0.19178451696798093,-0.016743162007916586,-0.5357628168016576,13.291815766360088,-0.010930223364447225,0.21401850232266986,6.055570712557987,0.6588092898994591,0.5694412437876145,72.56856752016104,97.44735577050177,2.6384165194734646,2.3136898238696584,30.36168674066622,1.2633097323130278,0.6130311348476635,38.30515452770833,107.68565903660634,0.7792077702327636,0.7561232396508247,0.5702734589978109,0.6052866816993587,0.943855501499543,0.9559845754459496,11.586972483980666,95.86306162299185
frc401,0.0,7.6811281912605605,12.103021648787651,0.2081991635335984,4.421893457527093,1.2989435044663147,0.22889762276343592,2.5416205911639644,16.501063833382958,0.008068441102078184,0.08371738897514326,7.371838535861004,0.5078573401844486,0.025731934775423515,55.074423522559,82.45294324627731,1.7928933066425465,0.9140261985042041,15.550795776493004,0.878361001521519,2.6633382488599877,36.85237343790198,101.91262323732752,0.6800424907871654,0.7254947076436633,0.47511776189061494,0.39577840827865,1.083938758387057,1.0542180621447506,10.877455890335323,94.05804512156233
frc4099,0.0,2.9380694936312297,7.945411313371942,0.20812551876625995,5.007341819740713,-0.23475404107430334,0.278763322290785,1.7037887878899172,7.527880896323761,-0.016429532059559864,0.7745987416566166,14.055499272188527,0.8414741769029281,0.6583010412139821,90.10710117451993,108.51875121100254,2.3611621923549033,1.8042732699883552,32.884065457427525,4.185882988557598,0.594614630799458,50.675990536179924,130.48187622268793,0.9967530968371212,1.0606763580051939,0.46725077132165244,0.5745177099361408,0.6365398344113914,0.5415597600904204,10.883769140158776,108.17787135460374
frc4137,0.0,2.9626478552056397,7.533609470444594,0.08739892161154839,4.570961615238952,0.19978664326440704,0.21751629487136723,1.2815372843384114,0.17193618005206565,-0.008095200549461282,-0.016860224886543894,6.367136124316176,0.30112905815568364,0.31048847337991214,41.36734319354365,43.020132450477576,0.06317299331388801,0.5190869925260027,11.095052111308798,-0.6772917923044662,0.2092625927627661,30.88640988122544,56.92857220530423,-0.08117122680125563,-0.08459994192274657,0.14513002199022512,0.11703101217323508,-0.01673774785207357,0.2637395451258885,1.4808530768818795,47.817620495228496
frc422,0.0,6.258272326775856,11.891610106905809,0.4050780076174134,5.633337780129952,0.7085182118317641,0.3899549065398842,2.4206179515561614,13.435575921726214,-0.018072049801837648,-0.1049017103954425,3.419750635176795,0.837534861465663,0.06161422754384167,73.29751848283738,99.08294572211715,1.3036237875824077,0.2891549554161023,25.696121743879218,1.864028324779745,0.9290385346187513,44.43374462659606,114.37514337830744,0.5109072583756715,0.6266990647466093,0.15001128969967933,0.7322160259717209,1.040913431826603,1.111055172792374,12.349851317553515,110.71556982642237
frc4242,0.0,4.857050562234273,9.11050423452959,0.20410255423047724,4.25345367229532,-0.19427958750226776,0.44505663962288244,2.6228048686194048,17.205325605075274,0.042168443091657244,0.4044676589285086,2.73297880675813,0.610892253534399,0.33100456294871644,66.29180715843255,91.01025858078343,-0.10979267160000318,-0.36258006229214534,10.297578215455248,0.20072503055148247,-0.27774421713079833,55.903296584025824,102.80546622799744,0.26257573026037256,0.3268896570115126,0.03710720082856196,0.12132043720507234,0.9981843761233657,1.0544150692385355,7.513125817275601,95.88004337791531
frc4286,0.0,0.30138458286812464,2.9165060003578724,-0.0668845790377393,2.6151214174897475,-0.03903562198294375,0.04879572711430277,0.18972791341700546,-2.6636400598727907,-0.037475004558516614,0.3586051260548917,0.9454717447736715,-0.31924869148718543,0.28804449311626085,22.868559628006896,18.706833744714196,-0.36330974399447274,-1.3498533445401857,-0.2816121296892858,-0.4065084851659889,-0.7042859489726073,23.919989986856628,22.580068901574272,-0.037036749075657155,-0.12824593447207702,-0.37075794042227195,-0.26645934783897807,-0.19814253591574973,0.09508811762707708,-1.4980858234198893,17.966381340589525
frc435,0.0,1.0279178759687289,5.593893170774322,0.008550845167651082,4.565975294805591,0.75853143590236,-0.07737701195213222,-0.24457249791799607,15.131016804230825,-0.023969340998202828,0.26438453869295875,21.445874893110265,0.11123019800962279,0.07173702543527932,21.866518651735355,40.07716873951766,-0.5741378657970644,0.09291108373999434,-1.8388114022499626,0.8485053404714812,-1.3122392220585697,23.430962579310922,67.11355167452129,0.015531518459942793,-0.0039749320868796715,-0.02527201312602529,-0.06324200732738006,0.8735817481578007,0.6831435961245509,3.0796332835514533,44.2288899364146
frc4456,0.0,3.488863801536512,7.7424210059143554,0.18282779618074588,4.253557204377847,0.28894916741792176,0.1965286030733678,1.4554827333503326,11.253257173560204,-0.0009057187311338653,-0.10245289606788764,12.281299413919065,0.32705631215048253,0.050068179521353826,32.980856926959504,51.02201132601054,0.29389909294275013,0.45216083797115925,2.807115357574188,0.7346939264351269,1.1439479516914108,29.145148550007466,71.05271348321926,0.10182459116374612,0.28872445632869304,0.166078794425091,0.23059271398805767,0.6406168652686439,0.838262274781407,6.787897225490792,58.62815914181166
frc4464,0.0,-0.541087447901702,3.5755582165166016,0.0186831778152341,4.116645664418312,-0.15615223731290215,-0.02745579842402887,-0.11439148663794915,4.061334188222506,-0.024672589154492684,-0.0007195990129221278,12.628369860979321,0.05664598277407518,0.45635534439410025,15.906896748707192,23.637883772365292,-0.6054487655697599,-0.24454828134765574,2.855281372739804,-0.2863238013597943,1.6581783813195263,13.943387942896976,39.84522663141563,-0.1754248376672625,0.014910147465569594,0.0696770055717598,0.021755095850713745,0.28813224257584524,0.6972653237708284,3.669652835435552,23.111817467928205
frc4466,0.0,4.824367433113916,10.940767631194452,0.21862665487575508,6.116400198080537,-0.028472739722389066,0.2299261366840624,2.440656456279345,21.481881196410573,0.1305496043259117,2.6865257387590016,11.045247950435387,0.2967938256753489,-0.05874708636391885,38.42385559343883,75.16791120265843,-0.48348147901714367,5.004519678847087,-3.722074704384399,3.2988004703282057,2.647375717251254,39.33061130651217,97.17445696370483,0.37681612470697134,0.3111960860495374,1.2235951619414365,1.5263825271594385,1.2884671732036317,1.2148562693528329,15.262174412809035,78.59835557426769
frc4472,0.0,8.399516263109982,13.674893533939997,0.323473760889239,5.275377270830008,1.4301023439513991,0.3724904975075485,2.7696557876035914,23.980565187372093,0.0325710684233141,0.5620977750749151,8.740155208730826,1.0568743513907302,0.2440101743682312,92.65037917786717,126.11738036784675,2.2161237897293855,0.2999692578153242,41.727069935285414,1.7266918377792329,1.3877882376476645,46.98049361507308,148.5060229747877,0.6409076418767791,0.7514119225013842,0.1494389115574805,0.364686656956458,0.884331813485713,0.7811886210636632,9.486436002607526,135.88348287151797
frc449,0.0,4.050587014656513,8.396394565137467,0.09979531876925024,4.345807550480958,0.5463397790296869,0.20638158488624578,1.4789537282985679,13.392144715522289,0.038969375270561275,0.24716672049583432,12.25528858304799,0.36270741499761777,0.5553740757883067,53.155912293212424,78.08765812663081,0.21047407734366638,0.804514898879203,9.956963570039377,1.6108039923504167,-0.7431114960904033,41.377670653478916,98.73969841636571,0.5046066712759061,0.6363846783301235,0.15264355520044548,0.6476715209305839,1.0466801629349824,1.0238640243185237,11.53960111789616,80.74454298973542
frc4505,0.0,1.2700002236403647,6.2708557792112245,0.1450292123013733,5.000855555570857,0.409074306535271,0.09603250973735358,0.22592580528491268,9.423011651505762,-0.04964541639424671,0.9224476518940576,8.681140062674944,0.23237983955370722,0.45037858860611796,48.99362679714596,74.14847863100208,0.4931912106449273,3.8419838448391217,12.587285845052454,2.685284594843757,2.6505657626203187,33.22786514660491,89.10605727177727,0.6523505407704165,0.8331886080322889,1.0244452870549177,1.1211397941781922,0.9832904438627413,1.1920396342595845,15.731840182350336,73.60416695596503
frc4514,0.0,1.0262320088131742,3.388819998302044,-0.07030718409235512,2.3625879894888753,0.7338659966074104,0.01854032341234332,-0.2207499922008231,12.923926011334427,-0.015107056837910365,-0.06389845958458466,10.126183597450149,0.25040033598594985,0.03254852376655338,55.02965222538865,79.92073485108259,1.0594929309642398,2.446084780143178,13.650274823210363,4.597269809909123,-0.8661342502011254,35.72261466130496,93.4514778868338,0.8033909398409276,0.931886126795711,0.5180404969213432,0.7115467890629478,0.8032746669109321,0.7499984070132361,11.967156614359485,83.22405295423842
frc4541,0.0,7.574209368685292,12.363199866991279,0.337993216557809,4.788990498305985,0.33483190502696764,0.4580704380253804,3.452272779315679,19.328061376428277,0.020761726525114047,0.5489256706999884,1.2198612222703524,0.9773269160432149,0.029371480070576262,92.81885189738288,120.28299193287012,2.6719980221352615,0.3526875107650253,46.288840768759314,2.4390181600488785,0.1315997952887091,41.418994946439426,133.84695461521895,0.6908922133333459,0.7382589882489488,0.09132282388183988,0.09239205316608266,0.8773927907964713,0.7965646903967656,8.13607865905899,130.71597306021346
frc4638,0.0,-0.6143931595682013,2.786112601385775,-0.10502537719677946,3.4005057609539673,0.09683451627985287,-0.024686143925931214,-0.4040310960639529,9.91772793034048,0.02987438911060237,0.5498040282747766,15.180422765406577,0.36194219270504774,0.43918727158171794,59.387806672246846,74.62402956900141,0.40065925404481356,1.1355106958918575,31.060354095967107,1.9210829723975547,2.458663061966446,26.00571034983739,92.58965040960916,0.19537129367997727,0.26926771352185863,0.4583772042673406,0.2805693765523763,0.4273437207287799,0.5138619032085822,5.318494966414081,71.80713011514277
frc4795,0.0,3.8091851662075706,7.911710039001173,0.06949782473552851,4.1025248727936034,0.2532219756606211,0.2935284519316281,1.6513706074431642,11.18707274353091,-0.04026386706295002,1.1892890769708495,11.879525174028407,0.6063636359975544,-0.07464751990098197,71.52099714425152,98.73132156509803,3.5393192348906672,2.9804331156369686,12.745704464495335,3.3791716044174245,0.122655582447506,51.85680184044818,118.5375013928337,1.0690689824945205,1.23702312147181,0.5913418496547402,0.9132147213629097,0.8321768045614546,1.0544124926283909,16.02325167731556,103.76193666700152
frc4821,0.0,-0.8725758029802315,3.599566605798593,-0.15712985244052527,4.472142408778827,0.32663186686862994,-0.08216303511071284,-0.7629197683587492,13.404348616771069,-0.02804709499528694,-0.14021147337125703,6.898223530720226,0.28944730252042417,-0.07009077683229513,43.97672822786487,64.62699428658127,-0.3120773808346144,0.3736980573510241,14.132764176370499,1.0959769971720321,-0.32557829597737953,29.06006443515694,75.13625843223966,0.07507422401441541,0.22815643384574236,0.04196805503904619,-0.013086393372509579,1.0273630220305183,1.234113447915834,7.245917441945335,69.28948631312382
frc4949,0.0,-1.1863210435865184,0.6157955031228949,-0.13808759457661715,1.8021165467094102,-0.605093905867883,0.01705067300603023,0.011933384074624352,1.0655932302103839,-0.019379128589039667,0.35588570606923814,13.290871248616785,-0.1934455406331259,0.14308557467227742,13.33614940901517,11.693215753221867,-1.092771609096893,-0.2957814576749768,-0.3730632402190813,-0.179821362733443,1.2497303893441158,14.981805621064545,25.600987147207896,-0.31519215647032384,-0.36235712304544027,0.04805763549790409,-0.04483259761874561,0.0009607521129189115,-0.13451565653654643,-2.708526886003669,9.954688608333013
frc5115,0.0,4.749953129367743,9.308290330506665,0.28883885214449373,4.5583372011389205,0.5508567274622607,0.3749653312382332,1.8241198372216108,15.289916300941663,0.0032616092505481043,0.2636557424538001,4.1064756844338115,0.5966482782256757,0.0765197682527415,60.99677565328748,83.78089548473828,0.9189415556383517,-0.8562881055131422,21.50345614756163,0.9253456554881134,1.3388459407364162,37.64903229459941,97.20688287634452,0.43984816909668356,0.4640388384437745,0.06681660599392904,0.02036266328599315,0.9219699727170075,1.0144392043720625,7.494203530509152,91.62076205027454
frc5243,0.0,5.278869859104838,9.187568396756866,0.16718954417196555,3.90869853765202,0.3374578796319672,0.23544082094332774,2.301977049920453,7.876609684534562,-0.028709822787520607,0.34494739425839105,11.592543644193332,0.415228676369359,-0.14535799166218952,53.20849152642976,68.55819774239,0.8482803972768137,1.0852227945175317,14.531703764589553,1.5377501237807027,-0.15277695977379002,36.29075724078273,89.34968110654462,0.3995430754537535,0.45393510858252445,0.23971111395177588,0.30801510777121704,0.5488640042846582,0.7326690899313906,7.473096531425672,78.03051720453597
frc5279,0.0,1.9174397862268,6.247210816878505,0.09829080484104717,4.329771030651702,0.04527527400043626,0.1219942364472416,0.9134446191129618,16.748387731337107,-0.0547627951686616,0.46335567824838975,1.6642844972782747,-0.053289695147466745,0.06532488896838481,28.842165483427358,50.115226155178746,-0.13817870383123498,0.3174870925558227,0.14862489214851965,0.2227627638734209,1.1632377779685104,28.60895653123664,58.04977460630046,0.05207145601646748,0.034350725754262595,0.16837599965925745,0.0737233202472233,0.5501598989478711,0.7968605420813661,4.524672940414264,54.40749907356153
frc5338,0.0,3.6443342672826766,8.427366036879064,0.2935645354171174,4.783031769596383,-0.09767947104219421,0.4009454906291236,1.9198466046835305,23.99288284259554,-0.012375279120864042,0.3812891992847032,7.774066068239419,0.8115399126875602,0.03663184127485243,75.23721628065243,111.24431494203515,1.4791833159019643,0.9254963895044199,21.408281307852448,2.0765150755997026,1.064853587999632,50.27323658129831,127.45441575171735,0.5259649872796179,0.6213416125641504,0.36920635635516824,0.4608664709283192,1.4209078293377875,1.3206350802649656,12.014215818787186,118.20679551415022
frc539,0.0,-0.9110029791678754,3.7576724082006066,0.04158008517794379,4.6686753873684665,-0.1915416423548656,-0.046785870011929215,-0.263959847229068,6.969849992803044,-0.03911476976073075,0.5416675723005349,3.327851080978515,0.03745294380881956,0.22034274920536867,32.12523265915092,41.156137673581696,0.14645267149884522,0.4979922870304847,9.976561130528976,-1.5057547777207847,1.0088670031596902,23.507973634843886,48.25384450205188,-0.05496468197477829,0.05671664342637542,0.2459288955128745,0.13338509801467385,0.25839121869346376,0.22210926288449212,2.0610550216277073,41.31790596132347
frc540,0.0,1.2435942811960012,5.546584775820372,0.16399894040498486,4.302990494624379,-0.4408838014631546,0.16043568210940118,1.0626809420611516,21.496619642601527,0.0631786750716286,1.1699298600590746,-1.8541650595948285,0.6228533654146877,0.004504791720864095,58.55091663689394,94.1801285396581,1.239162456260061,3.367839147017101,9.659149652863885,3.406636491726331,1.3425269762280487,44.24596803604364,97.89160845373102,0.78257913966557,1.036470490074515,0.8180431586726453,0.8486739915557845,1.0507552804181115,0.9413739704022184,14.132592260162577,96.19544080766089
frc5546,0.0,5.243215113666096,10.607994200001283,0.46221405910180285,5.364779086335191,0.49610003740317166,0.5679068309731203,2.1255075194298776,27.30362335378322,0.16703477451985335,0.45361165331819303,6.025461020427618,1.2085722898008366,0.19054491335315896,92.27741511214445,128.74953312371187,1.3296363038906138,2.03370246985015,35.804747066958996,0.9229505635366204,0.9306226502777868,54.22008117775817,145.3945335383151,0.42112947055447014,0.38417578304692435,0.4994241429349838,0.4730744610165775,1.0091533916381812,0.9764486874933453,9.168494657784235,136.2933333377544
frc5549,0.0,3.3069180304566905,8.440222059396723,0.15550640768584784,5.133304028940025,-0.651369703190025,0.2587477607167734,2.3048287184183702,4.368918463950055,-0.020784501481512552,0.1620465257107668,-1.2344953665534806,0.37906671928720415,0.2514423780056034,45.172105218043335,51.36047587751803,-0.425312271845032,0.18421024130363386,2.1867117758503682,-0.587735236515996,-0.48738971997097236,43.998440950554055,58.57044732463547,-0.05729030940393608,0.07729136447214584,-0.04335272479274782,0.028508338446599273,0.202466990509768,0.2580907361861653,1.8194521955245526,57.055821712006434
frc5587,0.0,9.98378364315391,14.678865543859173,0.35870683523522107,4.695081900705264,0.37194065588247266,0.4432461675354492,4.6199511656944825,14.79208460651894,-0.017024923739307748,0.2377933988504351,1.6421466196161294,1.07423076285151,0.4328170271295294,79.25426791490173,104.9177598063795,1.4976603710155205,0.7035024771303532,33.38021056455371,3.0548674993165137,0.11061330554575183,41.321529480016025,121.21569857973917,0.781169374012192,0.6440574644576785,0.27540499659043205,0.3980689305663713,1.2614298335502605,1.1321550619677017,10.871407284958755,114.96481851940595
frc5724,0.0,2.681766241281263,7.543523646609543,0.2708755641314276,4.861757405328279,-0.25416073011781537,0.3269171158321546,1.595043850758448,20.784128824423068,0.03882777977564338,0.16621321562787988,2.419518480679991,0.7555361264528749,-0.010425870732253996,66.05504556856842,95.51767464234324,0.6793517031367248,1.3675311716167424,25.28376068069314,1.0603443670570458,0.8866125827054363,39.03158881768146,105.46666029586927,0.44574165878163136,0.5168011863757138,0.4059038083679153,0.4148907458510448,0.8223729888453872,0.8040081176436006,8.678500249351794,102.64233500489581
frc5804,0.0,4.666217615542152,8.625926399846076,0.23058778965766577,3.959708784303924,0.18767124517183192,0.27661005965872726,2.145437562599244,18.210462919855374,0.12753308480297643,0.7863283869845005,4.773156389254893,0.9931383195090384,0.05049555180455176,83.08369416236977,109.16457494915319,1.2700393722790462,0.5867131837553637,37.10360049637594,1.432326293338888,0.20985344937955527,43.277728000375944,122.5203192123259,0.4370876607452361,0.3829460799006899,0.12283227704461425,0.15133296221076575,0.8473950830670174,1.0398045312741315,7.870417866927936,114.93371769587655
frc5830,0.0,-3.405039989705254,-1.5058555569688583,-0.24486943505712097,1.8991844327363898,-0.4427973625428896,-0.15577007809020393,-1.2597226323097361,2.929321088410391,-0.001072906687570419,0.35420493178308254,3.5567271075012576,0.022074789628321236,0.23057518950729042,46.44889943146781,52.61735126467114,0.18012821268556603,0.29378277846847833,18.105388636829563,0.7445507780152525,0.14876888751915077,27.418831803937316,54.670050691444686,0.11383184830438965,0.1689770594289103,0.03607957240159575,-0.16585710951833846,0.30338089410253183,0.6447061990480377,3.2391307447930524,47.97553208302863
frc5841,0.0,1.0192531788031254,5.680654728873233,0.12872152287025412,4.661401550070118,0.13957716017303387,0.08714229966129179,0.370049429228528,12.5799149958884,0.016615975206795308,0.36524778667172375,14.17817014277606,0.29362296642711955,0.13420179339206925,30.57090045949568,47.724193907495255,-0.27773114679733696,0.15236463334650394,10.399572964800187,-0.03645463085135159,1.9135774493395004,20.48551327234413,67.55971626087516,-0.050701896262065,-0.07964686592475087,0.178540711131283,0.2525117875780919,0.7108306796492228,0.7418107687689061,4.573378452111229,51.077986617555375
frc5945,0.0,4.739725723612973,9.21678569228637,0.23235148153004515,4.477059968673401,0.312146492025037,0.2950005341480276,2.05771636978145,29.790131955889333,0.16666645001412952,0.21399662854663623,15.38434019053667,0.8005067291858157,0.20001288532979028,75.29553142062967,126.3130867358151,2.318825925113789,6.02747095828223,19.73820692347934,3.9782196696388086,3.628202539358073,49.260278902397694,150.92367292598797,1.300115150622298,1.384549228590668,1.5122103961720574,1.607206292568229,1.293061363090819,1.2537291507003174,21.227423359296072,133.09722688184326
frc5950,0.0,3.474159673659411,8.284106880963593,0.17596209344144983,4.809947207304177,0.33101370818211223,0.22446320812243406,1.4060661286475942,20.025720038381895,-0.02518630744005974,0.734725606330024,4.294100321433774,0.5455295481866808,0.03558151749884989,51.534182410918895,76.8794666468352,-0.4156363284494218,0.08990983321509675,18.134533478757653,0.48650998490490277,0.11396365778895828,33.32877527570585,89.47536753702533,-0.10665801565314256,-0.0791222903900808,0.019350768554279488,0.0394463608709002,1.0882439298132816,1.1035887690260533,5.319564197534361,82.65685673911186
frc5954,0.0,0.3379183358696803,1.4208887216516535,-0.1665005857449781,1.0829703857819823,0.05942101567490634,0.011084485049972845,0.10953815225993464,7.525908979273066,-0.023453155580622095,0.06259573468863812,-2.1811166538113342,-0.3364889225118282,0.343852358553281,19.64957644202285,32.58268921641477,0.3079134715528044,1.318976216606429,-1.9730664268889635,-0.45564472288504054,2.1489982209094487,21.77037412024403,31.836286322874262,0.11167466243611793,0.1381255368670482,0.5440780056364062,0.46681257013448485,0.5329002408558661,0.4765026520222491,5.407203795118911,30.734944545640193
frc5957,0.0,0.5951792326800708,4.424083240206292,0.09855950489689834,3.828904007526229,-0.09070876505542105,0.07395600820090864,0.38829838139545436,11.602738399291509,-0.012956529545718652,0.4512710835079039,8.809513067328341,0.21980181804465268,0.15298500893639236,25.778169369175682,50.92855767346258,-0.11815097567057846,4.017465558219514,1.8593520924330378,1.1686262803992327,1.8775471418006053,22.868341972014004,64.17980438870283,0.383431489487286,0.7109404160543361,0.9565687825764528,1.0900068503650557,0.880249016074076,0.908582714579695,13.547649904995431,52.639612990423245
frc6021,0.0,0.8139612450253221,4.107372378559024,-0.03806935040306658,3.2934111335337053,-0.2370129234043811,0.08968571219856877,0.6439935459170434,6.942230884335835,-0.02396939547502156,1.5243256049450202,3.3159122720162837,-0.05017000975875254,-0.09908569121064333,27.76144197798736,35.696668183662176,-0.292164942069403,-1.4325201807487056,4.066061612099121,0.6828675822359517,0.3391236553647972,23.304677725721675,43.13153467811244,0.04114677115550758,-0.05291298682054465,-0.2682451398113238,-0.26008837564264004,0.41943402939901103,0.5116004267309837,0.9929953213389826,36.134416812156964
frc611,0.0,3.8166845893425423,8.09573648178356,0.09519986937676939,4.279051892441018,0.1917721855602364,0.18124992576941037,1.7165701091110344,17.338658039759885,0.01360261132424701,0.2983104517613316,-0.6480715835243902,0.3745504235474231,0.6663962439544083,60.01603440064217,84.7033319362175,0.6688850483258969,0.761344457201648,22.254572401610783,0.8756893893551906,-0.9026049944563843,36.21688756135024,92.12662911636453,0.3950041094445594,0.4269459580467386,0.08066244899033007,0.36795699935956316,0.7347710596256903,0.6748249417567882,7.3486394958154495,85.88220314901523
frc612,0.0,6.46763453589439,10.73659837889364,0.173066459218296,4.2689638429992565,-0.07533846323147449,0.3105286652732218,3.3091557311786692,13.717538034474595,0.014297767094980214,0.30978134975635074,7.455564871554273,0.8209364876400265,-0.12223509305993867,80.77776561290045,111.1222235565714,3.8629759961500816,2.3476241554044055,35.54219094294795,4.208840163991609,1.9062690302146763,37.16375850981082,129.33344415203496,1.4368730242672545,1.3536390052420106,0.9158078435406256,0.9957638404493389,0.9253172728334335,0.975981136147922,16.626919909196353,122.04865106875113
frc614,0.0,7.213770662055927,12.570879034636436,0.2621646120641381,5.357108372580509,1.8766562345878663,0.2586479013133071,1.7302290964400973,13.900659554892725,-0.037544606147078066,0.26321632658229865,7.520394697157196,0.8199017353124978,-0.018603081436250328,74.78432390551735,98.944396258909,0.6992858447379575,0.02986849196010746,25.010600728880362,1.9969485994817318,0.04505410642532925,47.07748873241732,119.0447746223991,0.6354690749497326,0.7851890701204352,0.018491536338519413,0.2129201731379163,0.8798298820225552,1.0537733164414294,10.259412798498897,110.90215867842123
frc617,0.0,-0.11374768884051913,1.117942595682857,-0.06210225326007027,1.2316902845233682,-0.3008677122678899,0.049825421674285435,0.24399386784763125,0.35273030960501217,0.00025608238344232323,-0.21662245991985823,-0.17808525471053402,-0.029491063201832503,0.24955624553064223,16.17962196676668,18.64375523841417,0.5409862775448918,0.41819587561677923,9.404680088887943,-1.0905469892535022,0.6073323276588587,7.324502589587377,19.599241448067062,-0.1020728763288187,-0.07491044970406804,0.13473742612817174,0.1868349585921395,0.04926900541521244,0.3103560835204207,2.111402962042469,18.181187872761264
frc6189,0.0,-0.20059542477630588,3.682835893586549,0.06936912521912904,3.883431318362859,-0.20638776028961833,0.07676879834479988,0.10609004790146599,7.1942612216205015,-0.018380234942601558,0.8083970547837277,3.8723336305003127,0.47498393307118997,0.05946783473892624,30.387726140184277,41.898657038641794,0.08689791119539748,-0.38458585541605034,7.831194694967053,0.8605345575058067,-0.40680879772971873,21.60909897651604,49.41626928555818,0.012837312638761993,0.0650550989645217,-0.13540767691974254,-0.05923227593018812,0.6990572652943812,0.8575111123330617,4.316669676836985,42.583533978056295
frc619,0.0,-0.5818205181047054,3.142975034394627,-0.03804080005667385,3.724795552499331,-0.4350558314515083,0.017319311360974386,0.14414557239915607,15.771923066721849,-0.04355674215454466,0.2376918893405182,5.6303876635169985,0.28115885773938826,0.21142443511716164,51.66266172037341,73.69087274598432,0.37398156467149607,0.21632118414748813,16.603518718459604,1.680256836014105,0.36607510861755427,33.00490460122818,82.43234661513775,0.13446164139028438,0.17501579075483403,0.014915387158925174,0.05883336853737917,1.017967744949021,1.0174084324855979,6.256287958889051,74.18606336754482
frc6194,0.0,2.8329132616493133,7.672570595520023,0.1544961376526338,4.839657333870708,-0.17808523932997322,0.19556343235839643,1.59454187015463,19.894100230390524,-0.002654287913541783,0.19064853481576427,4.702246169827767,0.3468651793061732,0.2662037341940541,33.38963787902597,69.92741485122524,0.4356694361969752,2.3381921936487373,3.7544663282229673,0.3793323312600211,2.5093569206148514,28.820169783346014,82.28704661472078,0.5391797233916785,0.8209185667369153,0.7455610431466948,1.221423963893527,1.3499733647198888,1.2863928177313169,16.643676741808797,74.61702123269937
frc620,0.0,3.8179470970222242,8.073798798110158,0.127231494573337,4.255851701087935,0.0479355467256521,0.14603882946233984,1.8610380017854584,18.043170460695233,-0.007858250018543577,0.17023183517785506,8.004239256961881,0.4943497467554469,0.3083452524152289,58.416655734121726,86.59001690376138,1.5369886099843069,0.2540062684753901,19.854340909060035,1.655991019201791,0.7018371073269091,35.36933519587559,102.67906103037672,0.5485662795394115,0.7449055895039729,0.28810751421205766,0.2994532626477609,0.9042407139106226,0.9816792896371488,10.130190708944417,91.38901899614423
frc6213,0.0,1.5943415722544356,5.592303556748872,0.08465273663598076,3.9979619844944354,-0.1618239862176201,0.1393726996676679,0.9589947723448404,11.278038681649672,-0.009562344139734806,1.0806082465626643,2.5816613926767435,0.2539985444562392,0.9765549017024778,53.64548123595919,68.88364579198911,-0.6128821446111784,0.027716309177642607,17.040861179999002,1.0900221289005927,0.10844132055076915,36.12748007167081,77.06296892603737,-0.16051515193716637,-0.04392797649959967,0.00019451380022695742,-0.07852566697310923,0.9415808102620438,0.9144788183487479,3.960125874380186,62.45048867835044
frc623,0.0,3.8774612891186093,8.514416412156548,0.25947360954933296,4.636955123037934,0.17004546808734433,0.2570724294274428,1.7686851764719596,23.917490060898917,0.038587465267464455,0.4770622513235885,17.90046930627652,0.93916681771486,0.027498383904174414,84.39702247868921,124.39181523068861,2.651126222600488,2.235460906238404,31.056952365641,3.2748325764630226,1.196290031990025,47.41411131398473,150.7852062153486,1.0542225705507149,1.1147641216780684,0.568709471994887,0.7570716066754813,1.4112301628611137,1.3436248098665495,16.0773026911005,131.20606469996375
frc6239,0.0,0.058928225555201746,2.401659236466275,-0.033552613937100455,2.3427310109110775,-0.36002097093081,0.06504362062456194,0.38948508370840973,19.041448103100652,-0.01669280088604833,0.0397714717633582,8.908391917073208,0.30655174229462107,0.2954694915636971,43.81761474251375,68.51711581251442,0.30308650893920386,-0.3852289824142618,7.262995228160799,1.9264065604121512,-0.024672667588514142,34.325126445001615,79.83661256435155,0.2571928668191453,0.13302384699905434,-0.049214681723186514,0.16207799594250535,0.8439488265010403,0.8365087504384564,5.658052966900072,68.14968080791496
frc6312,0.0,0.7105560403696289,4.651652561703439,-0.07954540016226176,3.9410965213338076,-0.2598974282951841,0.10315445927106578,0.615175448480001,-0.5606270590701706,-0.011722729368906032,0.8881695458674226,5.482374143332498,0.3863185946401365,0.4743476689335045,67.63377316629396,65.91703021041549,0.18329638224710235,-1.048148552525633,20.78263451224839,-0.08489613772805207,-1.3352498792712275,46.75273840952661,76.05276295477086,0.029407939037081277,-0.05016731656833407,-0.3800085581322099,-0.4374586386725188,0.04819641833865022,0.25640277587918764,-1.1561158968083265,63.63675115343457
frc6326,0.0,2.366794104279894,6.177910349067022,0.000835537369374364,3.811116244787146,0.529653255886665,0.040546313325902965,0.6537437962532798,11.400969446512581,-0.026671363397699932,0.37447192302315646,8.930305910501355,-0.1026536250531099,0.06871189449705667,34.22683419605833,60.53764273110361,0.21043801192526762,2.7458266819264208,-1.3167114795263795,1.9440789303136716,2.2873214294223887,33.38902873334571,75.62764010700594,0.9457336133216715,1.1309443262326806,0.8069458911264731,1.1756047372308434,0.7627372538784283,0.6754187542430272,14.909839088532758,64.95551137696158
frc6334,0.0,8.127484693507064,12.994117843164632,0.33664157612738616,4.866633149657569,0.09273849624714252,0.3984414408867216,3.9710038505063885,18.857632424490017,0.1538675313129202,0.3567069982977193,1.4138521855239141,1.1024113678933258,0.23259727038504172,57.606612083669496,85.9214303891706,0.5804538144706374,0.8678127657516044,15.020909784062491,1.7262188660143412,1.322747554818143,40.27902961912199,100.30693129461191,0.4317850892442341,0.5638743772170006,0.3747311687127726,0.4331151809248231,0.7894114140085632,0.894447618060388,9.45718588101105,95.72958268072946
frc6504,0.0,1.9744713005155587,6.46315551594441,0.1483622820939437,4.488684215428858,0.3172617373837242,0.0961810574216856,0.6699739128740563,21.028144587205006,0.07931919174173473,0.3899727176546906,4.574055592921314,0.14470459457717672,0.916170390654384,31.559314815419246,65.86239566329634,0.6959120399533663,1.9445476142662417,2.815018328135213,0.8613766531516487,1.3946537467796274,27.187007794179145,76.90877740918778,0.5888738706318183,0.8460281067381847,0.635426305414275,0.8267852111568663,1.0393109567313048,0.9821739342393618,13.274936260672062,62.91927014741299
frc6505,0.0,4.193546119228638,7.944237663985781,0.18140238828423588,3.7506915447571343,-0.1939295132887116,0.25633266829998574,2.2907025729030317,10.359214346118256,0.027255665428837395,-0.28337073757901443,2.296340407071032,0.2852157482940977,0.16338917499337027,30.80897533680232,48.89807762468076,-0.08964782039257763,0.8854118348327575,-1.346357711270926,0.7493277097500761,1.4278665671934758,31.495653158715818,59.15126869874002,0.43643055579036427,0.5924882179603792,0.3089201217994157,0.44490210831669,0.3757860194720931,0.5085872620749571,7.729887941760134,56.23453792946573
frc6543,0.0,0.9755570570711499,4.331942703627635,0.004560946992993784,3.3563856465564883,0.4655082489400995,0.01620898113640379,0.02227027959547539,14.135143992767082,-0.05001856743611048,0.5143109796632682,7.826155545425469,-0.07701832431930046,0.21903609311051944,25.730401264503605,48.871240005097484,0.12212535407341549,0.12476946076028525,-0.15437178481282143,1.9102399971395487,1.5431389279762981,23.852407698103406,61.04319215369183,0.23500991930737386,0.2949911559958906,0.20731703339840674,0.5611448407618362,0.7829093478953864,0.9450029528076457,9.005694747826853,49.702778831281904
frc6584,0.0,3.0329658714023324,6.773194072621402,0.08987353872023901,3.740228201219062,-0.17390436133473436,0.16059480311682944,1.6903872970359015,13.996401780919962,-0.025634595836236302,0.9994842083912169,9.23697006787149,0.0160307231950243,-0.051426103535841365,16.59899258088791,33.33055845386677,-1.92829634078019,-1.007588801452293,-7.593744690093324,-1.077866250276211,0.3517615635266296,27.19889986203763,49.353858785357325,-0.5109460212964053,-0.42398514401421084,-0.1997357618989606,-0.17231019342454798,0.9065925899874623,1.1433281558505393,2.7351640920589078,37.581271024134644
frc6802,0.0,7.991080248604484,12.915456322281157,0.2426986365514765,4.92437607367667,0.19199496063396465,0.3065815501779845,3.803545163668276,20.057920667291736,0.007390916082194449,0.34556748969161694,1.1762228830471528,0.8364098673487352,0.26302329295222376,77.16859657391666,106.15652339721429,1.3596824881662453,1.0141583090413768,35.029362260120145,2.3053779096092923,0.5093972923131163,38.47417391602091,120.2075500535502,0.467795199332695,0.47886727940919827,0.362316071990103,0.398319438369732,0.9745319860333268,0.9088145134222567,8.930006156005929,115.6274150648582
frc686,0.0,5.495091855065809,10.349642259915742,0.2480619344995556,4.854550404849932,0.40359543329765674,0.2088809891338608,2.3439504942352487,5.513580809459747,-0.01928863828516848,0.1698228235878084,6.813255303531533,0.3663578971161012,0.2110125942973675,50.150266437596215,59.76550192382812,-0.4411465581471061,0.12678264452185836,14.87665337588073,0.9937522731255405,-0.9848383288172637,34.72100734673697,76.93235363390802,0.1729139809547919,0.22179615201129022,-0.004085450396931658,0.1986690692960633,0.42759996260213134,0.3998657140470896,4.10165467677222,67.71051651093669
frc6863,0.0,2.6773488746193514,5.820303261532777,0.14643069320668528,3.14295438691343,-0.1293619972990876,0.19371094485314544,1.4680364346087635,3.9819689211770593,-0.00917127532726894,0.24737459144345691,9.000488383221601,0.030136955234334472,0.8086580838781776,24.99391485524658,27.34932073263419,-0.4588245541562737,0.7044843197448921,3.1529467420452617,-1.4675198652320307,0.5101543916464379,23.76731253258967,42.174262388227184,-0.44538315994370203,-0.494655841367259,0.14180553989601677,-0.038759543666770084,-0.04429381953966808,0.208102776276123,-1.6265630437895349,25.15372747577162
frc6882,0.0,0.8285603674109175,5.816205255274944,0.13910229519749026,4.987644887864024,-0.003361168535218323,0.06511463604937455,0.417641352240674,16.430865999195536,-0.013747347619875122,0.26628987440566393,6.877509465572538,0.4816461875236074,-0.08729131035190844,51.09641443220832,74.48841627567559,0.2301710830529073,-0.1652620939898434,12.445676952184987,0.8960456014610533,1.1241849278003486,37.524520795509375,87.17309965918554,0.16669424366920388,0.2689731616191395,0.09218514738706896,0.2381182860754118,0.9030514873124722,0.8851357211597988,6.961135844271761,80.28234236356315
frc6893,0.0,-0.7418236983795666,0.9079594224816181,-0.06388698728779794,1.6497831208611835,-0.19077452567026842,0.015549886534943958,-0.1801373235195146,1.7591328655778011,0.012321372205840463,-0.01542120940939578,0.8829899736314755,0.05284765049117637,0.21230506108776948,27.196667867669394,27.276945254345264,-0.8407666375547679,-0.6363172243371301,13.175103676543692,-1.3342248566756634,-0.49221160693665306,16.196555685356046,29.07044858304629,-0.4790341202744997,-0.48456266797361264,-0.23633007848434717,-0.10783815010848789,0.08480002406055662,0.2566297223017177,-1.6788554789019114,26.32297668785322
frc7330,0.0,2.326809449690447,4.443599757357004,0.008472631134702991,2.1167903076665615,-0.29328701441907035,0.07503326611820388,1.4566917392642924,1.8202123409675492,-0.042291213506654345,1.6936437521470569,-3.1928019815310114,-0.3682896339602529,-0.1444269381339342,14.161585878188365,16.50713828843169,-0.9550658983215804,0.7130385073166923,4.0520310539837565,-0.796143706327261,0.36346685140239043,11.86076442885341,17.76723895209387,-0.22779159681265843,-0.27008437862438817,0.11838332887082584,0.087402049407039,0.22374710971503817,0.28775034307250974,0.5253400692758161,17.17895212038902
frc836,0.0,6.6735676588048705,11.839439731132538,0.2575192161045136,5.165872072327661,1.2427692357619693,0.2191452345258879,2.094014593640463,18.282578726636853,-0.05483109952768583,0.19449920536441392,13.338212293305553,0.9622244861705113,-0.016905456682366024,84.04389025741465,112.6638235892356,2.7305955480683264,0.5210555237529627,36.8687869345683,1.8253845958336687,1.311227769329963,42.61912317894437,137.85196199603632,0.6670980250237891,0.7710354184757859,0.2329048080053367,0.367310623050825,0.8883936362665602,0.929124879510204,10.337354605184071,124.08240119677879
frc888,0.0,4.961694818739169,8.61611737371739,0.13900529025746902,3.65442255497823,0.36510160423694293,0.21894577292197734,2.115745805132642,34.35233337254668,0.1254334427626909,0.030250903994538073,10.3072243562892,0.8026739943044444,0.5637334241573709,63.382183270985884,113.54466256248827,1.0493691638581022,2.7900063375160484,9.09710975411849,1.9485153786806726,1.7805945604408806,51.287188974328544,132.42059365543372,0.8266661321787778,1.0784100088761526,0.7609799568196072,0.9486612790577631,1.187252618860551,1.1349578958572293,15.810145918955733,116.94901576974463
frc977,0.0,2.785988840687246,7.552202232376786,0.1642248619792106,4.766213391689548,0.03843562246464384,0.21692633777844178,1.3545587978789775,17.837368877895813,0.03432526042546694,-0.10502977220147236,6.350700476179727,0.7501071571373209,-0.08377613320847263,79.24955867115268,103.8623327602843,-0.05536534283990478,-0.04758078548165412,30.65260207856235,2.806742665349195,0.5225684505450947,45.84557927008097,117.74635566887902,0.4104097240008245,0.3942322055291869,0.13817788986576762,0.11263489501730718,0.732240214133409,0.8482139417006626,6.775405211235787,112.46472970818019
